dataset,filename,url,md5,size_bytes
E.MTAB.386_eset,E.MTAB.386_eset.rda,https://zenodo.org/records/23125873/files/E.MTAB.386_eset.rda?download=1,55428e2a175e00e1d9403a2bdbfd905b,3197732
GSE12418_eset,GSE12418_eset.rda,https://zenodo.org/records/23125873/files/GSE12418_eset.rda?download=1,48ca853fb42a0737a64eab0689973723,3155108
GSE12470_eset,GSE12470_eset.rda,https://zenodo.org/records/23125873/files/GSE12470_eset.rda?download=1,c73e7b46def80b96d2068a62e92b32c7,1719844
GSE13876_eset,GSE13876_eset.rda,https://zenodo.org/records/23125873/files/GSE13876_eset.rda?download=1,87b87fdb9479d21bf5e1af111f139424,22464008
GSE14764_eset,GSE14764_eset.rda,https://zenodo.org/records/23125873/files/GSE14764_eset.rda?download=1,ce897325736c5c53946ebf191aa5b6c9,7352232
GSE17260_eset,GSE17260_eset.rda,https://zenodo.org/records/23125873/files/GSE17260_eset.rda?download=1,9b798bae8d4af7a172a2371d2b9c9dd2,8296076
GSE18520_eset,GSE18520_eset.rda,https://zenodo.org/records/23125873/files/GSE18520_eset.rda?download=1,861d565e02d59e85cb498a95c3adacea,8818800
GSE19829.GPL570_eset,GSE19829.GPL570_eset.rda,https://zenodo.org/records/23125873/files/GSE19829.GPL570_eset.rda?download=1,7909f774b84aaa0bed5e31ee1f7e37d0,3997332
GSE19829.GPL8300_eset,GSE19829.GPL8300_eset.rda,https://zenodo.org/records/23125873/files/GSE19829.GPL8300_eset.rda?download=1,23a34c04e0867846aa4543e41c3c6f8c,2693160
GSE20565_eset,GSE20565_eset.rda,https://zenodo.org/records/23125873/files/GSE20565_eset.rda?download=1,9a3b0651c37fda367ce4cd01becab94a,19497820
GSE2109_eset,GSE2109_eset.rda,https://zenodo.org/records/23125873/files/GSE2109_eset.rda?download=1,938a478c3963aa4097b4b81b60174054,28350056
GSE26193_eset,GSE26193_eset.rda,https://zenodo.org/records/23125873/files/GSE26193_eset.rda?download=1,8bb579b2f61a12b9f60746f6161ea8b1,14926956
GSE26712_eset,GSE26712_eset.rda,https://zenodo.org/records/23125873/files/GSE26712_eset.rda?download=1,f2237513ab38c9f3e311e9be45764392,17791664
GSE30009_eset,GSE30009_eset.rda,https://zenodo.org/records/23125873/files/GSE30009_eset.rda?download=1,0a7f9bd509b9b64a28b651e225264c60,49460
GSE30161_eset,GSE30161_eset.rda,https://zenodo.org/records/23125873/files/GSE30161_eset.rda?download=1,f3adfa1325d442a92bb3a19c75931792,8133768
GSE32062.GPL6480_eset,GSE32062.GPL6480_eset.rda,https://zenodo.org/records/23125873/files/GSE32062.GPL6480_eset.rda?download=1,7c0439a14a1661344bf47942c5361202,19552060
GSE32063_eset,GSE32063_eset.rda,https://zenodo.org/records/23125873/files/GSE32063_eset.rda?download=1,6d5e0fb387deaf01691fcb06c9b89882,3462620
GSE44104_eset,GSE44104_eset.rda,https://zenodo.org/records/23125873/files/GSE44104_eset.rda?download=1,b6b98c711bf50c67c6c38aea240fc7ed,8456288
GSE49997_eset,GSE49997_eset.rda,https://zenodo.org/records/23125873/files/GSE49997_eset.rda?download=1,5fee135215d0dea9572c1bf0c6fe8828,14384588
GSE51088_eset,GSE51088_eset.rda,https://zenodo.org/records/23125873/files/GSE51088_eset.rda?download=1,f6fb4c610a9b7a3e9b97cb410acddfb9,3304572
GSE6008_eset,GSE6008_eset.rda,https://zenodo.org/records/23125873/files/GSE6008_eset.rda?download=1,1239b0f0af02eb9e0f35682c2507728d,9441272
GSE6822_eset,GSE6822_eset.rda,https://zenodo.org/records/23125873/files/GSE6822_eset.rda?download=1,7e15406d13cb826e9007b1ad4dfc9482,2442676
GSE8842_eset,GSE8842_eset.rda,https://zenodo.org/records/23125873/files/GSE8842_eset.rda?download=1,fc55d9e6f3410a98092ead0923d9f610,1344828
GSE9891_eset,GSE9891_eset.rda,https://zenodo.org/records/23125873/files/GSE9891_eset.rda?download=1,e0e2704f3b995124e0418bd06b733ba7,39550800
PMID15897565_eset,PMID15897565_eset.rda,https://zenodo.org/records/23125873/files/PMID15897565_eset.rda?download=1,792449c75b89b6591215da19b11b5238,5807632
PMID17290060_eset,PMID17290060_eset.rda,https://zenodo.org/records/23125873/files/PMID17290060_eset.rda?download=1,13319fb4c095f01a95c78adb47721d0f,10715776
PMID19318476_eset,PMID19318476_eset.rda,https://zenodo.org/records/23125873/files/PMID19318476_eset.rda?download=1,3e4b041060ed1e7421aa7050ebb3e4c9,3898456
TCGA_eset,TCGA_eset.rda,https://zenodo.org/records/23125873/files/TCGA_eset.rda?download=1,aa78f171dcb000922a87b47b5cd8fecf,51252448
TCGA.mirna.8x15kv2_eset,TCGA.mirna.8x15kv2_eset.rda,https://zenodo.org/records/23125873/files/TCGA.mirna.8x15kv2_eset.rda?download=1,0f1c0c2444afae5a13ef1e91dd3f92b8,2935864
TCGA.RNASeqV2_eset,TCGA.RNASeqV2_eset.rda,https://zenodo.org/records/23125873/files/TCGA.RNASeqV2_eset.rda?download=1,39dd4d7e0e62d5ed355aa599305721a1,18392820
